{"Threshold": 0.654, "ModeloBase": "DenseNet169", "TN": 3912, "FP": 88, "FN": 121, "TP": 3879, "ACC": 0.973875, "PR": 0.9778169901688933, "RE": 0.96975, "F1": 0.9737667880005021, "AUC": 0.9952432499999998, "Erro": 0.026124999999999954, "TempoPredict": 57.172619581222534}