{"Threshold": 0.5680000000000001, "ModeloBase": "VGG16", "TN": 8986, "FP": 536, "FN": 873, "TP": 824, "ACC": 0.8744094839112221, "PR": 0.6058823529411764, "RE": 0.48556275780789626, "F1": 0.5390906117108276, "AUC": 0.8384847260637741, "Erro": 0.12559051608877791, "TempoPredict": 227.00866317749023}