{"Threshold": 0.5680000000000001, "ModeloBase": "VGG16", "TN": 7138, "FP": 430, "FN": 712, "TP": 695, "ACC": 0.872757660167131, "PR": 0.6177777777777778, "RE": 0.4939587775408671, "F1": 0.5489731437598736, "AUC": 0.8313102168859718, "Erro": 0.12724233983286903, "TempoTreinamento": 12929.914551019669}