{"Threshold": 0.47800000000000004, "ModeloBase": "VGG16", "TN": 3983, "FP": 17, "FN": 1, "TP": 3999, "ACC": 0.99775, "PR": 0.9957669322709163, "RE": 0.99975, "F1": 0.9977544910179641, "AUC": 0.99993540625, "Erro": 0.0022499999999999742, "TempoPredict": 21.790395736694336}