{"Threshold": 0.47800000000000004, "ModeloBase": "VGG16", "TN": 3120, "FP": 6, "FN": 4, "TP": 3270, "ACC": 0.9984375, "PR": 0.9981684981684982, "RE": 0.9987782529016493, "F1": 0.998473282442748, "AUC": 0.9999318971747, "Erro": 0.0015625000000000222, "TempoTreinamento": 1997.3799211978912}