{"Threshold": 0.26, "ModeloBase": "ResNet50", "TN": 3924, "FP": 76, "FN": 34, "TP": 3966, "ACC": 0.98625, "PR": 0.9811974270163285, "RE": 0.9915, "F1": 0.9863218104949018, "AUC": 0.9989232812500001, "Erro": 0.01375000000000004, "TempoPredict": 24.440202474594116}