{"Threshold": 0.26, "ModeloBase": "ResNet50", "TN": 3067, "FP": 59, "FN": 25, "TP": 3249, "ACC": 0.986875, "PR": 0.9821644498186215, "RE": 0.9923640806353085, "F1": 0.9872379216043755, "AUC": 0.999019495190983, "Erro": 0.013125000000000053, "TempoTreinamento": 1997.3381140232086}