{"Threshold": 0.59, "ModeloBase": "DenseNet201", "TN": 3989, "FP": 11, "FN": 2, "TP": 3998, "ACC": 0.998375, "PR": 0.9972561736093789, "RE": 0.9995, "F1": 0.9983768260706706, "AUC": 0.9998210000000001, "Erro": 0.0016249999999999876, "TempoPredict": 84.6631555557251}