{"Threshold": 0.59, "ModeloBase": "DenseNet201", "TN": 3121, "FP": 5, "FN": 4, "TP": 3270, "ACC": 0.99859375, "PR": 0.9984732824427481, "RE": 0.9987782529016493, "F1": 0.9986257443884562, "AUC": 0.9999791880892556, "Erro": 0.0014062500000000533, "TempoTreinamento": 2166.7326653003693}