{"Threshold": 0.326, "ModeloBase": "DenseNet169", "TN": 8869, "FP": 653, "FN": 1061, "TP": 636, "ACC": 0.847223460201444, "PR": 0.49340574088440653, "RE": 0.37477902180318207, "F1": 0.4259879437374414, "AUC": 0.7536095735620528, "Erro": 0.152776539798556, "TempoPredict": 113.86928534507751}