{"Threshold": 0.624, "ModeloBase": "MobileNetV2", "TN": 8532, "FP": 990, "FN": 1067, "TP": 630, "ACC": 0.8166503253409395, "PR": 0.3888888888888889, "RE": 0.37124337065409546, "F1": 0.3798613204703045, "AUC": 0.6925391398909104, "Erro": 0.1833496746590605, "TempoPredict": 28.55979084968567}