{"Threshold": 0.443, "ModeloBase": "ResNet152", "TN": 0, "FP": 4000, "FN": 9, "TP": 3991, "ACC": 0.498875, "PR": 0.49943686647478414, "RE": 0.99775, "F1": 0.6656659161037446, "AUC": 0.48156609375000003, "Erro": 0.501125, "TempoPredict": 40.505969524383545}