{"Threshold": 0.732, "ModeloBase": "VGG19", "TN": 8873, "FP": 649, "FN": 1234, "TP": 463, "ACC": 0.8321597290311079, "PR": 0.41636690647482016, "RE": 0.27283441367118444, "F1": 0.3296546813812745, "AUC": 0.724419596116898, "Erro": 0.1678402709688921, "TempoPredict": 40.20810031890869}