{"Threshold": 0.654, "ModeloBase": "MobileNetV2", "TN": 9013, "FP": 509, "FN": 845, "TP": 852, "ACC": 0.8793118816293787, "PR": 0.6260102865540044, "RE": 0.5020624631703006, "F1": 0.5572269457161544, "AUC": 0.8398892519101316, "Erro": 0.12068811837062132, "TempoPredict": 39.66454362869263}