{"Threshold": 0.654, "ModeloBase": "MobileNetV2", "TN": 7181, "FP": 387, "FN": 678, "TP": 729, "ACC": 0.8813370473537604, "PR": 0.6532258064516129, "RE": 0.5181236673773987, "F1": 0.5778834720570748, "AUC": 0.8329568369268125, "Erro": 0.1186629526462396, "TempoTreinamento": 1999.0936126708984}