	loss	accuracy	val_loss	val_accuracy
0	0.6133071184158325	0.7149980664253235	0.6051732301712036	0.7769359350204468
1	0.5582744479179382	0.7709621787071228	0.5889543890953064	0.7565459609031677
2	0.5437596440315247	0.7798484563827515	0.49306216835975647	0.8295264840126038
3	0.5413541197776794	0.7867847681045532	0.682651162147522	0.6082451343536377
4	0.5344492197036743	0.7939996719360352	0.5360468029975891	0.7384958267211914
5	0.5380447506904602	0.7908239960670471	0.6147834062576294	0.7357103228569031
6	0.5397917032241821	0.7959774732589722	0.5588644742965698	0.7812813520431519
7	0.5391836166381836	0.793971836566925	0.6704765558242798	0.6361002922058105
