{"Threshold": 0.534, "ModeloBase": "ResNet152V2", "TN": 3888, "FP": 112, "FN": 124, "TP": 3876, "ACC": 0.9705, "PR": 0.9719157472417251, "RE": 0.969, "F1": 0.9704556835252879, "AUC": 0.9924631874999998, "Erro": 0.02949999999999997, "TempoPredict": 47.17543959617615}