{"Threshold": 0.534, "ModeloBase": "ResNet152V2", "TN": 8639, "FP": 883, "FN": 752, "TP": 945, "ACC": 0.8542650860147963, "PR": 0.5169584245076586, "RE": 0.5568650559811432, "F1": 0.5361702127659574, "AUC": 0.819563930169714, "Erro": 0.14573491398520366, "TempoPredict": 200.45720052719116}