{"Threshold": 0.534, "ModeloBase": "ResNet152V2", "TN": 6822, "FP": 746, "FN": 625, "TP": 782, "ACC": 0.8472423398328691, "PR": 0.5117801047120419, "RE": 0.5557924662402275, "F1": 0.5328790459965929, "AUC": 0.8130055795471449, "Erro": 0.15275766016713088, "TempoTreinamento": 8154.9464774131775}