	loss	accuracy	val_loss	val_accuracy
0	0.6702976822853088	0.6787286400794983	0.5640274286270142	0.8148189187049866
1	0.6186870336532593	0.7462254166603088	0.5821058750152588	0.7407242059707642
2	0.6015278100967407	0.755640983581543	0.468818724155426	0.8365459442138672
3	0.5855178833007812	0.7685943245887756	0.44153985381126404	0.8336490392684937
4	0.5918770432472229	0.7829962968826294	0.48490679264068604	0.8431198000907898
5	0.5855416655540466	0.7841941118240356	0.47757479548454285	0.8311977982521057
6	0.5890874266624451	0.7863947749137878	0.5395380258560181	0.8205013871192932
7	0.5805038213729858	0.7914368510246277	0.45855581760406494	0.8504735231399536
8	0.5851849913597107	0.8001559972763062	0.4709506630897522	0.8382172584533691
