{"Threshold": 0.262, "ModeloBase": "ResNet152V2", "TN": 8904, "FP": 618, "FN": 1164, "TP": 533, "ACC": 0.8411623139317229, "PR": 0.4630755864465682, "RE": 0.31408367707719503, "F1": 0.37429775280898875, "AUC": 0.722872949867546, "Erro": 0.15883768606827708, "TempoPredict": 71.40887117385864}