{"Threshold": 0.496, "ModeloBase": "Xception", "TN": 3899, "FP": 101, "FN": 487, "TP": 3513, "ACC": 0.9265, "PR": 0.9720531267293857, "RE": 0.87825, "F1": 0.9227738376674547, "AUC": 0.9427065625, "Erro": 0.07350000000000001, "TempoPredict": 21.95622992515564}