{"Threshold": 0.523, "ModeloBase": "InceptionV3", "TN": 8831, "FP": 691, "FN": 1216, "TP": 481, "ACC": 0.8300205009359123, "PR": 0.4104095563139932, "RE": 0.2834413671184443, "F1": 0.33530846985012197, "AUC": 0.6509687208866679, "Erro": 0.1699794990640877, "TempoPredict": 58.65018701553345}