{"Threshold": 0.59, "ModeloBase": "DenseNet201", "TN": 9084, "FP": 438, "FN": 1131, "TP": 566, "ACC": 0.8601479632765844, "PR": 0.5637450199203188, "RE": 0.33352975839717147, "F1": 0.41910403554239173, "AUC": 0.7386649308978606, "Erro": 0.13985203672341562, "TempoPredict": 138.35925698280334}