{"Threshold": 0.8230000000000001, "ModeloBase": "ResNet50V2", "TN": 9160, "FP": 362, "FN": 1247, "TP": 450, "ACC": 0.8565825831179249, "PR": 0.5541871921182266, "RE": 0.26517383618149676, "F1": 0.35870864886408926, "AUC": 0.6980804741233185, "Erro": 0.1434174168820751, "TempoPredict": 50.21367263793945}