{"Threshold": 0.523, "ModeloBase": "InceptionV3", "TN": 3955, "FP": 45, "FN": 32, "TP": 3968, "ACC": 0.990375, "PR": 0.9887864440568154, "RE": 0.992, "F1": 0.9903906152502184, "AUC": 0.9991019062500001, "Erro": 0.009624999999999995, "TempoPredict": 35.9256694316864}