{"Threshold": 0.523, "ModeloBase": "InceptionV3", "TN": 3096, "FP": 30, "FN": 33, "TP": 3241, "ACC": 0.99015625, "PR": 0.9908284928156527, "RE": 0.9899205864386073, "F1": 0.9903743315508022, "AUC": 0.9993393928237405, "Erro": 0.00984375000000004, "TempoTreinamento": 1083.7648541927338}