{"Threshold": 0.614, "ModeloBase": "ResNet101", "TN": 7513, "FP": 2009, "FN": 1224, "TP": 473, "ACC": 0.7118281486763526, "PR": 0.19057211925866238, "RE": 0.2787271655863288, "F1": 0.2263699449629098, "AUC": 0.5411663985161306, "Erro": 0.2881718513236474, "TempoPredict": 53.0621600151062}