{"Threshold": 0.654, "ModeloBase": "DenseNet169", "TN": 9020, "FP": 502, "FN": 749, "TP": 948, "ACC": 0.8884927355379267, "PR": 0.6537931034482759, "RE": 0.5586328815556865, "F1": 0.6024785510009533, "AUC": 0.8707838077920721, "Erro": 0.11150726446207326, "TempoPredict": 100.48484563827515}