{"Threshold": 0.654, "ModeloBase": "DenseNet169", "TN": 7186, "FP": 382, "FN": 588, "TP": 819, "ACC": 0.8919220055710306, "PR": 0.6819317235636969, "RE": 0.582089552238806, "F1": 0.6280674846625767, "AUC": 0.8755081621490854, "Erro": 0.10807799442896937, "TempoTreinamento": 4922.823316812515}