{"Threshold": 0.47800000000000004, "ModeloBase": "VGG16", "TN": 8706, "FP": 816, "FN": 1087, "TP": 610, "ACC": 0.8303770389517783, "PR": 0.4277699859747546, "RE": 0.3594578668238067, "F1": 0.39065001601024657, "AUC": 0.6471787815878298, "Erro": 0.16962296104822172, "TempoPredict": 35.3056058883667}