{"Threshold": 0.265, "TN": 7786, "FP": 1736, "FN": 1064, "TP": 633, "ACC": 0.7504233888938409, "PR": 0.2672013507809202, "RE": 0.37301119622863876, "F1": 0.31136251844564683, "AUC": 0.6104354435474738, "Erro": 0.24957661110615914, "TempoPredict": 6.420104503631592}