{"Threshold": 0.495, "ModeloBase": "ResNet101", "TN": 0, "FP": 4000, "FN": 6, "TP": 3994, "ACC": 0.49925, "PR": 0.49962471853890417, "RE": 0.9985, "F1": 0.6659996664999166, "AUC": 0.49774999999999997, "Erro": 0.50075, "TempoPredict": 31.222241640090942}