{"Threshold": 0.0, "TN": 0, "FP": 4000, "FN": 0, "TP": 4000, "ACC": 0.5, "PR": 0.5, "RE": 1.0, "F1": 0.6666666666666666, "AUC": 0.5, "Erro": 0.5, "TempoPredict": 3.662248134613037}