{"Threshold": 0.394, "ModeloBase": "ResNet152", "TN": 3915, "FP": 85, "FN": 104, "TP": 3896, "ACC": 0.976375, "PR": 0.9786485807586034, "RE": 0.974, "F1": 0.976318757047989, "AUC": 0.9975654375, "Erro": 0.023625000000000007, "TempoPredict": 42.37982201576233}