{"Threshold": 0.394, "ModeloBase": "ResNet152", "TN": 3067, "FP": 59, "FN": 78, "TP": 3196, "ACC": 0.97859375, "PR": 0.981874039938556, "RE": 0.9761759315821625, "F1": 0.9790166947465155, "AUC": 0.997475310038845, "Erro": 0.02140624999999996, "TempoTreinamento": 6622.625282049179}