{"Threshold": 0.495, "ModeloBase": "ResNet101", "TN": 2, "FP": 9520, "FN": 1, "TP": 1696, "ACC": 0.15135038773509227, "PR": 0.15121255349500715, "RE": 0.9994107248084856, "F1": 0.26268101912801056, "AUC": 0.49991534042617186, "Erro": 0.8486496122649078, "TempoPredict": 150.4826683998108}