	loss	accuracy	val_loss	val_accuracy
0	0.699333906173706	0.4683269262313843	0.6968324780464172	0.15766017138957977
1	0.6944752931594849	0.4895815849304199	0.6871318817138672	0.843231201171875
2	0.6943145394325256	0.4936486780643463	0.6916048526763916	0.843231201171875
3	0.6941443681716919	0.5107526779174805	0.6933937072753906	0.156768798828125
4	0.693612813949585	0.5131762027740479	0.6893320679664612	0.843231201171875
5	0.6935612559318542	0.5248203277587891	0.6957818269729614	0.156768798828125
6	0.6937414407730103	0.45701709389686584	0.6874334812164307	0.843231201171875
