{"Threshold": 0.495, "ModeloBase": "ResNet101", "TN": 1, "FP": 7567, "FN": 0, "TP": 1407, "ACC": 0.15688022284122563, "PR": 0.15678627145085802, "RE": 1.0, "F1": 0.2710721510451787, "AUC": 0.49997520702137155, "Erro": 0.8431197771587744, "TempoTreinamento": 4949.533208370209}