{"Threshold": 0.634, "ModeloBase": "ResNet101V2", "TN": 3935, "FP": 65, "FN": 192, "TP": 3808, "ACC": 0.967875, "PR": 0.9832171443325587, "RE": 0.952, "F1": 0.9673567890257844, "AUC": 0.9919432500000002, "Erro": 0.03212499999999996, "TempoPredict": 35.24180293083191}