{"Threshold": 0.262, "ModeloBase": "ResNet152V2", "TN": 3979, "FP": 21, "FN": 11, "TP": 3989, "ACC": 0.996, "PR": 0.9947630922693267, "RE": 0.99725, "F1": 0.9960049937578027, "AUC": 0.9997826562500001, "Erro": 0.0040000000000000036, "TempoPredict": 47.31645846366882}