{"Threshold": 0.262, "ModeloBase": "ResNet152V2", "TN": 3112, "FP": 14, "FN": 13, "TP": 3261, "ACC": 0.99578125, "PR": 0.9957251908396947, "RE": 0.9960293219303604, "F1": 0.9958772331653688, "AUC": 0.9996710154766357, "Erro": 0.004218750000000049, "TempoTreinamento": 5280.937287807465}