{"Threshold": 0.746, "ModeloBase": "ResNet101V2", "TN": 9010, "FP": 512, "FN": 1135, "TP": 562, "ACC": 0.8531954719671985, "PR": 0.5232774674115456, "RE": 0.33117265763111375, "F1": 0.40562973655719964, "AUC": 0.7517298896690194, "Erro": 0.14680452803280153, "TempoPredict": 60.33806657791138}