{"Threshold": 0.631, "ModeloBase": "DenseNet121", "TN": 9031, "FP": 491, "FN": 1127, "TP": 570, "ACC": 0.8557803725822266, "PR": 0.5372290292177191, "RE": 0.33588685916322925, "F1": 0.41334300217548947, "AUC": 0.7406710471807557, "Erro": 0.1442196274177734, "TempoPredict": 84.55464816093445}