{"Threshold": 0.26, "ModeloBase": "ResNet50", "TN": 7848, "FP": 1674, "FN": 1177, "TP": 520, "ACC": 0.74587752919155, "PR": 0.23701002734731086, "RE": 0.30642309958750735, "F1": 0.2672834746851709, "AUC": 0.6069597905393421, "Erro": 0.25412247080844996, "TempoPredict": 39.269179821014404}