{"Threshold": 0.394, "ModeloBase": "ResNet152", "TN": 8239, "FP": 1283, "FN": 1308, "TP": 389, "ACC": 0.7690525002228362, "PR": 0.2326555023923445, "RE": 0.2292280494991161, "F1": 0.23092905906797273, "AUC": 0.538166677125342, "Erro": 0.23094749977716378, "TempoPredict": 64.26094055175781}