{"Threshold": 0.52, "ModeloBase": "InceptionV3", "TN": 8611, "FP": 911, "FN": 907, "TP": 790, "ACC": 0.8379534717889295, "PR": 0.4644326866549089, "RE": 0.4655274012964054, "F1": 0.4649793996468511, "AUC": 0.7749563180115595, "Erro": 0.16204652821107046, "TempoPredict": 36.00223445892334}