	loss	accuracy	val_loss	val_accuracy
0	0.6882278919219971	0.6537690162658691	0.487752765417099	0.8109192252159119
1	0.6151039600372314	0.7296785116195679	0.7790982127189636	0.5858495831489563
2	0.6048333644866943	0.756727397441864	0.5591959357261658	0.8023398518562317
3	0.5989106893539429	0.7669229507446289	0.5109984874725342	0.8284122347831726
4	0.6035098433494568	0.7595130801200867	0.5396252870559692	0.8170473575592041
5	0.5927863121032715	0.7691793441772461	0.5632960200309753	0.7679108381271362
