{"Threshold": 0.52, "ModeloBase": "InceptionV3", "TN": 6769, "FP": 799, "FN": 724, "TP": 683, "ACC": 0.8303064066852368, "PR": 0.460863697705803, "RE": 0.48542999289267946, "F1": 0.47282796815507094, "AUC": 0.77307268399771, "Erro": 0.1696935933147632, "TempoTreinamento": 1423.2637350559235}