{"Threshold": 0.656, "ModeloBase": "Xception", "TN": 3986, "FP": 14, "FN": 20, "TP": 3980, "ACC": 0.99575, "PR": 0.9964947421131698, "RE": 0.995, "F1": 0.9957468101075807, "AUC": 0.99969309375, "Erro": 0.004249999999999976, "TempoPredict": 23.327758073806763}