{"Threshold": 0.656, "ModeloBase": "Xception", "TN": 3117, "FP": 9, "FN": 15, "TP": 3259, "ACC": 0.99625, "PR": 0.9972460220318238, "RE": 0.9954184483811851, "F1": 0.9963313971262611, "AUC": 0.9997795207671603, "Erro": 0.003750000000000031, "TempoTreinamento": 1190.0873200893402}