	loss	accuracy	val_loss	val_accuracy
0	0.07818581908941269	0.9810546636581421	0.020568866282701492	0.9945312738418579
1	0.05067799985408783	0.9874609112739563	0.018099544569849968	0.995312511920929
2	0.046983007341623306	0.9892968535423279	0.051651276648044586	0.989062488079071
3	0.04406169801950455	0.9899218678474426	0.016821250319480896	0.9956250190734863
4	0.044145673513412476	0.9892968535423279	0.024990124627947807	0.9945312738418579
5	0.04349739849567413	0.9891015887260437	0.025993891060352325	0.9939062595367432
6	0.04171528294682503	0.9893749952316284	0.02237211912870407	0.995312511920929
7	0.03644387423992157	0.9911327958106995	0.019913237541913986	0.9951562285423279
8	0.03575119003653526	0.9912499785423279	0.01747725158929825	0.9959375262260437
