{"Threshold": 0.656, "ModeloBase": "Xception", "TN": 9092, "FP": 430, "FN": 1242, "TP": 455, "ACC": 0.8509671093680363, "PR": 0.5141242937853108, "RE": 0.26812021213906895, "F1": 0.3524399690162665, "AUC": 0.7148099609167344, "Erro": 0.14903289063196368, "TempoPredict": 38.556615352630615}