{"Threshold": 0.653, "ModeloBase": "DenseNet121", "TN": 9143, "FP": 379, "FN": 768, "TP": 929, "ACC": 0.8977627239504412, "PR": 0.7102446483180428, "RE": 0.5474366529169122, "F1": 0.6183028286189685, "AUC": 0.87237510454034, "Erro": 0.10223727604955879, "TempoPredict": 82.46598291397095}