{"Threshold": 0.653, "ModeloBase": "DenseNet121", "TN": 7247, "FP": 321, "FN": 611, "TP": 796, "ACC": 0.8961559888579387, "PR": 0.7126230975828111, "RE": 0.5657427149964463, "F1": 0.6307448494453248, "AUC": 0.8663652817158545, "Erro": 0.10384401114206132, "TempoTreinamento": 5381.432796001434}