{"Threshold": 0.54, "ModeloBase": "DenseNet201", "TN": 3912, "FP": 88, "FN": 637, "TP": 3363, "ACC": 0.909375, "PR": 0.9745001448855404, "RE": 0.84075, "F1": 0.9026976244799356, "AUC": 0.9689545, "Erro": 0.09062499999999996, "TempoPredict": 69.12753534317017}