{"Threshold": 0.265, "TN": 3969, "FP": 31, "FN": 7, "TP": 3993, "ACC": 0.99525, "PR": 0.992296222664016, "RE": 0.99825, "F1": 0.9952642073778665, "AUC": 0.99989425, "Erro": 0.004750000000000032, "TempoPredict": 4.993569850921631}