{"Threshold": 0.265, "TN": 3108, "FP": 18, "FN": 7, "TP": 3267, "ACC": 0.99609375, "PR": 0.9945205479452055, "RE": 0.9978619425778864, "F1": 0.9961884433602682, "AUC": 0.9998143538478195, "Erro": 0.00390625, "TempoTreinamento": 1194.6429464817047}