{"Threshold": 0.654, "ModeloBase": "MobileNetV2", "TN": 3951, "FP": 49, "FN": 1499, "TP": 2501, "ACC": 0.8065, "PR": 0.9807843137254902, "RE": 0.62525, "F1": 0.7636641221374045, "AUC": 0.8869015, "Erro": 0.1935, "TempoPredict": 15.108331203460693}