{"Threshold": 0.443, "ModeloBase": "ResNet152", "TN": 7, "FP": 9515, "FN": 0, "TP": 1697, "ACC": 0.15188519475889117, "PR": 0.15135569033178736, "RE": 1.0, "F1": 0.2629173444883414, "AUC": 0.5081215018360854, "Erro": 0.8481148052411088, "TempoPredict": 219.29889273643494}