	loss	accuracy	val_loss	val_accuracy
0	0.7001697421073914	0.47676751017570496	0.7057945728302002	0.156768798828125
1	0.6946386098861694	0.46690621972084045	0.7097495794296265	0.156768798828125
2	0.6947075128555298	0.48116886615753174	0.6682819128036499	0.843231201171875
3	0.6946818828582764	0.4878266155719757	0.7041411995887756	0.15821726620197296
4	0.6939130425453186	0.48721376061439514	0.711341917514801	0.1568802297115326
5	0.6940279006958008	0.49671292304992676	0.7138020992279053	0.1568802297115326
6	0.694190263748169	0.47718536853790283	0.6984171271324158	0.1572144776582718
7	0.6940929293632507	0.5048470497131348	0.6840541958808899	0.843231201171875
