{"Threshold": 0.443, "ModeloBase": "ResNet152", "TN": 4, "FP": 7564, "FN": 0, "TP": 1407, "ACC": 0.15721448467966573, "PR": 0.15683870248578755, "RE": 1.0, "F1": 0.27115051069570245, "AUC": 0.5245144802264726, "Erro": 0.8427855153203343, "TempoTreinamento": 7899.330161571503}