{"Threshold": 0.746, "ModeloBase": "ResNet101V2", "TN": 3980, "FP": 20, "FN": 13, "TP": 3987, "ACC": 0.995875, "PR": 0.9950087347142501, "RE": 0.99675, "F1": 0.9958786062195579, "AUC": 0.9991459375, "Erro": 0.004125000000000045, "TempoPredict": 36.95430612564087}