{"Threshold": 0.746, "ModeloBase": "ResNet101V2", "TN": 3120, "FP": 6, "FN": 12, "TP": 3262, "ACC": 0.9971875, "PR": 0.9981640146878825, "RE": 0.996334758704948, "F1": 0.9972485478446959, "AUC": 0.9999565197169893, "Erro": 0.0028124999999999956, "TempoTreinamento": 4853.587862968445}