{"Threshold": 0.674, "ModeloBase": "VGG19", "TN": 9103, "FP": 419, "FN": 1054, "TP": 643, "ACC": 0.868704875657367, "PR": 0.6054613935969868, "RE": 0.37890394814378314, "F1": 0.4661109097499094, "AUC": 0.7925888402591426, "Erro": 0.13129512434263302, "TempoPredict": 283.1900851726532}