{"Threshold": 0.674, "ModeloBase": "VGG19", "TN": 7231, "FP": 337, "FN": 851, "TP": 556, "ACC": 0.8676323119777158, "PR": 0.6226203807390818, "RE": 0.39516702203269366, "F1": 0.4834782608695652, "AUC": 0.7869579728960153, "Erro": 0.13236768802228416, "TempoTreinamento": 13415.783415317535}