{"Threshold": 0.631, "ModeloBase": "DenseNet121", "TN": 3989, "FP": 11, "FN": 6, "TP": 3994, "ACC": 0.997875, "PR": 0.9972534332084894, "RE": 0.9985, "F1": 0.9978763272954403, "AUC": 0.99994471875, "Erro": 0.0021250000000000435, "TempoPredict": 53.22734570503235}