{"Threshold": 0.631, "ModeloBase": "DenseNet121", "TN": 3118, "FP": 8, "FN": 2, "TP": 3272, "ACC": 0.9984375, "PR": 0.9975609756097561, "RE": 0.9993891264508247, "F1": 0.9984742142203233, "AUC": 0.9999831941378025, "Erro": 0.0015625000000000222, "TempoTreinamento": 1719.2202577590942}