{"Threshold": 0.0, "ModeloBase": "ResNet50", "TN": 0, "FP": 9522, "FN": 0, "TP": 1697, "ACC": 0.15126125323112577, "PR": 0.15126125323112577, "RE": 1.0, "F1": 0.26277485289563335, "AUC": 0.4998629851634097, "Erro": 0.8487387467688743, "TempoPredict": 84.27695107460022}