	loss	accuracy	val_loss	val_accuracy
0	0.7000819444656372	0.49718648195266724	0.6862072348594666	0.843231201171875
1	0.6945721507072449	0.5239567756652832	0.6884501576423645	0.843231201171875
2	0.6938460469245911	0.5023399591445923	0.7025613188743591	0.156768798828125
3	0.6941362619400024	0.4823109805583954	0.6823902130126953	0.843231201171875
4	0.6941432952880859	0.4976879060268402	0.6955600380897522	0.156768798828125
5	0.6935847997665405	0.48484596610069275	0.6970409750938416	0.156768798828125
6	0.6935258507728577	0.39275169372558594	0.6915220022201538	0.843231201171875
7	0.6932724714279175	0.5002506971359253	0.7007161378860474	0.156768798828125
8	0.6932461261749268	0.3569279611110687	0.6909357905387878	0.843231201171875
