{"Threshold": 0.0, "ModeloBase": "ResNet50", "TN": 0, "FP": 7568, "FN": 0, "TP": 1407, "ACC": 0.15676880222841225, "PR": 0.15676880222841225, "RE": 1.0, "F1": 0.2710460412251975, "AUC": 0.4996446339729922, "Erro": 0.8432311977715877, "TempoTreinamento": 3931.155328989029}