{"Threshold": 0.52, "ModeloBase": "InceptionV3", "TN": 3883, "FP": 117, "FN": 404, "TP": 3596, "ACC": 0.934875, "PR": 0.9684890923781309, "RE": 0.899, "F1": 0.9324517049137819, "AUC": 0.9780691875000002, "Erro": 0.06512499999999999, "TempoPredict": 30.347862005233765}