{"Threshold": 0.54, "ModeloBase": "DenseNet201", "TN": 9041, "FP": 481, "FN": 754, "TP": 943, "ACC": 0.8899188876013905, "PR": 0.6622191011235955, "RE": 0.5556865055981143, "F1": 0.6042934956744632, "AUC": 0.8601877152769809, "Erro": 0.11008111239860952, "TempoPredict": 130.0664963722229}