{"Threshold": 0.54, "ModeloBase": "DenseNet201", "TN": 7234, "FP": 334, "FN": 604, "TP": 803, "ACC": 0.8954874651810585, "PR": 0.7062445030782761, "RE": 0.5707178393745558, "F1": 0.6312893081761005, "AUC": 0.8653506478480446, "Erro": 0.10451253481894152, "TempoTreinamento": 3670.54496717453}