	loss	accuracy	val_loss	val_accuracy
0	0.6087055802345276	0.7266978621482849	0.3658183515071869	0.8888022303581238
1	0.5428473949432373	0.7803777456283569	0.46695980429649353	0.8323119878768921
2	0.5304620265960693	0.7915204167366028	0.4141349792480469	0.8531476259231567
3	0.5276480317115784	0.8015488386154175	0.448341965675354	0.8396657109260559
4	0.5245210528373718	0.7963396310806274	0.4674331247806549	0.8625069856643677
5	0.514072835445404	0.8073987364768982	0.5003993511199951	0.82194983959198
