{"Threshold": 0.326, "ModeloBase": "DenseNet169", "TN": 3980, "FP": 20, "FN": 1, "TP": 3999, "ACC": 0.997375, "PR": 0.995023637720826, "RE": 0.99975, "F1": 0.9973812196034418, "AUC": 0.99981621875, "Erro": 0.0026249999999999885, "TempoPredict": 71.1783835887909}