{"Threshold": 0.326, "ModeloBase": "DenseNet169", "TN": 3117, "FP": 9, "FN": 3, "TP": 3271, "ACC": 0.998125, "PR": 0.9972560975609757, "RE": 0.9990836896762371, "F1": 0.9981690570643883, "AUC": 0.9999829010122991, "Erro": 0.00187499999999996, "TempoTreinamento": 2768.4623608589172}