{"Threshold": 0.674, "ModeloBase": "VGG19", "TN": 3953, "FP": 47, "FN": 326, "TP": 3674, "ACC": 0.953375, "PR": 0.9873689868314969, "RE": 0.9185, "F1": 0.9516901955705219, "AUC": 0.98698390625, "Erro": 0.04662500000000003, "TempoPredict": 24.438611268997192}