{"Threshold": 0.614, "ModeloBase": "ResNet101", "TN": 3942, "FP": 58, "FN": 96, "TP": 3904, "ACC": 0.98075, "PR": 0.9853609288238263, "RE": 0.976, "F1": 0.9806581260989701, "AUC": 0.9981554375000001, "Erro": 0.01924999999999999, "TempoPredict": 33.245094537734985}