{"Threshold": 0.614, "ModeloBase": "ResNet101", "TN": 3079, "FP": 47, "FN": 71, "TP": 3203, "ACC": 0.9815625, "PR": 0.9855384615384616, "RE": 0.9783139890042761, "F1": 0.9819129368485592, "AUC": 0.9979056182778995, "Erro": 0.018437499999999996, "TempoTreinamento": 2883.6082952022552}