{"Threshold": 0.624, "ModeloBase": "MobileNetV2", "TN": 3990, "FP": 10, "FN": 5, "TP": 3995, "ACC": 0.998125, "PR": 0.9975031210986267, "RE": 0.99875, "F1": 0.9981261711430357, "AUC": 0.99969671875, "Erro": 0.00187499999999996, "TempoPredict": 18.293737411499023}