{"Threshold": 0.624, "ModeloBase": "MobileNetV2", "TN": 3121, "FP": 5, "FN": 3, "TP": 3271, "ACC": 0.99875, "PR": 0.9984737484737485, "RE": 0.9990836896762371, "F1": 0.9987786259541984, "AUC": 0.999993453530423, "Erro": 0.0012499999999999734, "TempoTreinamento": 828.3359339237213}