{"Threshold": 0.5680000000000001, "ModeloBase": "VGG16", "TN": 3917, "FP": 83, "FN": 298, "TP": 3702, "ACC": 0.952375, "PR": 0.9780713342140026, "RE": 0.9255, "F1": 0.9510597302504816, "AUC": 0.9762164375, "Erro": 0.04762500000000003, "TempoPredict": 21.807637929916382}