{"Threshold": 0.8230000000000001, "ModeloBase": "ResNet50V2", "TN": 3992, "FP": 8, "FN": 20, "TP": 3980, "ACC": 0.9965, "PR": 0.9979939819458375, "RE": 0.995, "F1": 0.9964947421131698, "AUC": 0.9995560625000001, "Erro": 0.0034999999999999476, "TempoPredict": 28.10464572906494}