{"Threshold": 0.8230000000000001, "ModeloBase": "ResNet50V2", "TN": 3126, "FP": 0, "FN": 10, "TP": 3264, "ACC": 0.9984375, "PR": 1.0, "RE": 0.9969456322541234, "F1": 0.9984704802691954, "AUC": 0.9999648249395868, "Erro": 0.0015625000000000222, "TempoTreinamento": 1436.4545769691467}