{"Threshold": 0.0, "TN": 0, "FP": 9522, "FN": 0, "TP": 1697, "ACC": 0.15126125323112577, "PR": 0.15126125323112577, "RE": 1.0, "F1": 0.26277485289563335, "AUC": 0.4997053624042428, "Erro": 0.8487387467688743, "TempoPredict": 11.328996896743774}