{"Threshold": 0.0, "TN": 0, "FP": 7568, "FN": 0, "TP": 1407, "ACC": 0.15676880222841225, "PR": 0.15676880222841225, "RE": 1.0, "F1": 0.2710460412251975, "AUC": 0.5, "Erro": 0.8432311977715877, "TempoTreinamento": 1046.822432756424}