{"Threshold": 0.732, "ModeloBase": "VGG19", "TN": 3986, "FP": 14, "FN": 5, "TP": 3995, "ACC": 0.997625, "PR": 0.9965078573210276, "RE": 0.99875, "F1": 0.9976276688725184, "AUC": 0.9999088749999999, "Erro": 0.002375000000000016, "TempoPredict": 24.65011429786682}