{"Threshold": 0.732, "ModeloBase": "VGG19", "TN": 3123, "FP": 3, "FN": 6, "TP": 3268, "ACC": 0.99859375, "PR": 0.9990828492815653, "RE": 0.998167379352474, "F1": 0.9986249045072574, "AUC": 0.9999224194500888, "Erro": 0.0014062500000000533, "TempoTreinamento": 2218.168366909027}