{"Threshold": 0.5740000000000001, "ModeloBase": "ResNet50V2", "TN": 8704, "FP": 818, "FN": 743, "TP": 954, "ACC": 0.8608610393083163, "PR": 0.5383747178329571, "RE": 0.5621685327047732, "F1": 0.5500144133756126, "AUC": 0.8274158890424892, "Erro": 0.13913896069168374, "TempoPredict": 70.67205452919006}