{"Threshold": 0.5740000000000001, "ModeloBase": "ResNet50V2", "TN": 6880, "FP": 688, "FN": 616, "TP": 791, "ACC": 0.8547075208913649, "PR": 0.5348208248816768, "RE": 0.5621890547263682, "F1": 0.5481635481635482, "AUC": 0.8216643864639352, "Erro": 0.14529247910863508, "TempoTreinamento": 3436.436330318451}