	loss	accuracy	val_loss	val_accuracy
0	0.662205159664154	0.7038275003433228	0.500472366809845	0.8096935749053955
1	0.5888924598693848	0.7505431771278381	0.5260374546051025	0.8089136481285095
2	0.5779243111610413	0.7760878205299377	0.5579878091812134	0.856824517250061
3	0.5766022801399231	0.7857540845870972	0.4893169105052948	0.8171587586402893
4	0.5686754584312439	0.7954760789871216	0.5633854866027832	0.7584401369094849
5	0.5730241537094116	0.7934146523475647	0.5680463314056396	0.729693591594696
6	0.5632815361022949	0.8010473847389221	0.516657829284668	0.813481867313385
7	0.5645671486854553	0.8029695153236389	0.5301685929298401	0.8057938814163208
8	0.5595495700836182	0.809209406375885	0.49765750765800476	0.8037883043289185
