{"Threshold": 0.634, "ModeloBase": "ResNet101V2", "TN": 9004, "FP": 518, "FN": 843, "TP": 854, "ACC": 0.8786879401016133, "PR": 0.6224489795918368, "RE": 0.5032410135533294, "F1": 0.5565330726621049, "AUC": 0.8223074140126695, "Erro": 0.12131205989838667, "TempoPredict": 135.04205703735352}