{"Threshold": 0.634, "ModeloBase": "ResNet101V2", "TN": 7156, "FP": 412, "FN": 673, "TP": 734, "ACC": 0.879108635097493, "PR": 0.6404886561954625, "RE": 0.5216773276474769, "F1": 0.5750097924010966, "AUC": 0.8300976148403256, "Erro": 0.12089136490250696, "TempoTreinamento": 5754.029656171799}