	loss	accuracy	val_loss	val_accuracy
0	0.6678785681724548	0.700958251953125	0.5321272015571594	0.8102506995201111
1	0.598879873752594	0.7479804158210754	0.4555116295814514	0.8535932898521423
2	0.5924792289733887	0.7643043994903564	0.46264389157295227	0.8464623689651489
3	0.5726568698883057	0.7774249315261841	0.4380176067352295	0.8483565449714661
4	0.5716816782951355	0.7912975549697876	0.4520898163318634	0.8267409205436707
5	0.5715575218200684	0.8023845553398132	0.5209486484527588	0.8259609937667847
6	0.571138858795166	0.8047245144844055	0.4797525107860565	0.8727576732635498
7	0.5611451268196106	0.8077329993247986	0.4622970223426819	0.8540390133857727
8	0.5587202310562134	0.8117722272872925	0.4492829144001007	0.8661838173866272
