{"Threshold": 0.496, "ModeloBase": "Xception", "TN": 8953, "FP": 569, "FN": 805, "TP": 892, "ACC": 0.877529191550049, "PR": 0.6105407255304586, "RE": 0.525633470830878, "F1": 0.564914502849905, "AUC": 0.8196098802673509, "Erro": 0.12247080844995095, "TempoPredict": 148.87795972824097}