{"Threshold": 0.496, "ModeloBase": "Xception", "TN": 7110, "FP": 458, "FN": 649, "TP": 758, "ACC": 0.8766573816155989, "PR": 0.6233552631578947, "RE": 0.5387348969438521, "F1": 0.5779641631719405, "AUC": 0.8325627318706978, "Erro": 0.12334261838440108, "TempoTreinamento": 13902.36601305008}