{"Threshold": 0.5740000000000001, "ModeloBase": "ResNet50V2", "TN": 3886, "FP": 114, "FN": 88, "TP": 3912, "ACC": 0.97475, "PR": 0.9716840536512668, "RE": 0.978, "F1": 0.9748317966608522, "AUC": 0.9935998437500002, "Erro": 0.025249999999999995, "TempoPredict": 25.413090467453003}