{"Threshold": 0.653, "ModeloBase": "DenseNet121", "TN": 3913, "FP": 87, "FN": 302, "TP": 3698, "ACC": 0.951375, "PR": 0.9770145310435931, "RE": 0.9245, "F1": 0.9500321130378934, "AUC": 0.9807035625, "Erro": 0.04862500000000003, "TempoPredict": 40.18354654312134}